Job Title,Company,Location,Experience Required,Job URL,Posted Date,Source,Description,Priority Score,Days Since Posted,Freshness,Salary,Deadline,Days Until Deadline,Skills Match %,Ready to Apply,Applied,Applied Date,Application Method,Application Error,Status,Notes
Staff Software Engineer - Marketplace Segmentation,Uber,,,https://www.uber.com/en/jobs/300578/,,Uber,,25,None,Unknown,,,,0.0,Yes,No,,,,Not Applied,
Senior Software Development Engineer - GenAI Platform,Expedia,,,https://careers.expediagroup.com/job/senior-software-development-engineer-genai-platform/chicago-il/R-104200/,,Expedia,,25,None,Unknown,,,,0.0,Yes,No,,,,Not Applied,
Senior Software Development Engineer - Content Platform,Expedia,,,https://careers.expediagroup.com/job/senior-software-development-engineer-content-platform/chicago-il/R-108163/,,Expedia,,25,None,Unknown,,,,0.0,Yes,No,,,,Not Applied,
"Senior Software Development Engineer, Advertising Technology",Expedia,,,https://careers.expediagroup.com/job/senior-software-development-engineer-advertising-technology/chicago-il/R-100032/,,Expedia,,25,None,Unknown,,,,0.0,Yes,No,,,,Not Applied,
Principal Software Development Engineer,Expedia,,,https://careers.expediagroup.com/job/principal-software-development-engineer/austin-tx/R-101767/,,Expedia,,25,None,Unknown,,,,0.0,Yes,No,,,,Not Applied,
Senior Mobile Engineer,Expedia,,,https://careers.expediagroup.com/job/senior-mobile-engineer/austin-tx/R-108720/,,Expedia,,25,None,Unknown,,,,0.0,Yes,No,,,,Not Applied,
Software Development Engineer III: GraphQL Platform,Expedia,,,https://careers.expediagroup.com/job/software-development-engineer-iii-graphql-platform/austin-tx/R-106935/,,Expedia,,25,None,Unknown,,,,0.0,Yes,No,,,,Not Applied,
Software Development Engineer III - Backend Engineer + AI,Expedia,,,https://careers.expediagroup.com/job/software-development-engineer-iii-backend-engineer-ai/austin-tx/R-102785/,,Expedia,,25,None,Unknown,,,,0.0,Yes,No,,,,Not Applied,
Software Development Engineer II - Full Stack,Expedia,,,https://careers.expediagroup.com/job/software-development-engineer-ii-full-stack/austin-tx/R-108003/,,Expedia,,25,None,Unknown,,,,0.0,Yes,No,,,,Not Applied,
Développeur(-euse) principal d’application mobile − Android / Senior Mobile Developer – Android,Expedia,,,https://careers.expediagroup.com/job/d-veloppeur-euse-principal-d-application-mobile-android-senior-mobile-developer-android/montreal-quebec/R-103195/,,Expedia,,25,None,Unknown,,,,0.0,Yes,No,,,,Not Applied,
"(Contract) Senior Data Scientist, Platform Inference – MarTech DS Measurement",Airbnb,,,https://careers.airbnb.com/positions/7732569/,,Airbnb,,25,None,Unknown,,,,0.0,Yes,No,,,,Not Applied,
"Senior Analytics Engineer, GFCO Analytics",Coinbase,,,https://www.coinbase.com/careers/positions/8024880,,Coinbase,,25,None,Unknown,,,,0.0,Yes,No,,,,Not Applied,
Senior Analytics Engineer (Platform - Financial Analytics),Coinbase,,,https://www.coinbase.com/careers/positions/7736521,,Coinbase,,25,None,Unknown,,,,0.0,Yes,No,,,,Not Applied,
"Senior Data Scientist, CX Analytics",Coinbase,,,https://www.coinbase.com/careers/positions/8009392,,Coinbase,,25,None,Unknown,,,,0.0,Yes,No,,,,Not Applied,
"Staff Analytics Engineer, Compliance Data",Coinbase,,,https://www.coinbase.com/careers/positions/8104148,,Coinbase,,25,None,Unknown,,,,0.0,Yes,No,,,,Not Applied,
"Staff Applied Data Scientist, Pricing",Coinbase,,,https://www.coinbase.com/careers/positions/8083051,,Coinbase,,25,None,Unknown,,,,0.0,Yes,No,,,,Not Applied,
"Senior Software Engineer, CDP - Money Movement",Coinbase,,,https://www.coinbase.com/careers/positions/8013129,,Coinbase,,25,None,Unknown,,,,0.0,Yes,No,,,,Not Applied,
"Senior Software Engineer, Consumer",Coinbase,,,https://www.coinbase.com/careers/positions/8067033,,Coinbase,,25,None,Unknown,,,,0.0,Yes,No,,,,Not Applied,
"Senior Staff Software Engineer, Data Platform",Coinbase,,,https://www.coinbase.com/careers/positions/7711287,,Coinbase,,25,None,Unknown,,,,0.0,Yes,No,,,,Not Applied,
"Staff Software Engineer, Solana Staking Protocol",Coinbase,,,https://www.coinbase.com/careers/positions/7684298,,Coinbase,,25,None,Unknown,,,,0.0,Yes,No,,,,Not Applied,
Senior Software Engineer - AI Platform Team,Coinbase,,,https://www.coinbase.com/careers/positions/7997420,,Coinbase,,25,None,Unknown,,,,0.0,Yes,No,,,,Not Applied,
Senior Software Engineer - Blockchain Network,Coinbase,,,https://www.coinbase.com/careers/positions/7967649,,Coinbase,,25,None,Unknown,,,,0.0,Yes,No,,,,Not Applied,
Senior Software Engineer - Trading,Coinbase,,,https://www.coinbase.com/careers/positions/7866674,,Coinbase,,25,None,Unknown,,,,0.0,Yes,No,,,,Not Applied,
"Senior Software Engineer, Backend - Platform (Core AI Automation)",Coinbase,,,https://www.coinbase.com/careers/positions/8051871,,Coinbase,,25,None,Unknown,,,,0.0,Yes,No,,,,Not Applied,
"Senior Software Engineer, Backend - Platform (Tokens & Wrapped Assets)",Coinbase,,,https://www.coinbase.com/careers/positions/8095252,,Coinbase,,25,None,Unknown,,,,0.0,Yes,No,,,,Not Applied,
"Senior Software Engineer, Backend (Consumer - Growth Foundations)",Coinbase,,,https://www.coinbase.com/careers/positions/8092651,,Coinbase,,25,None,Unknown,,,,0.0,Yes,No,,,,Not Applied,
"Senior Software Engineer, Backend (Consumer - Prediction Markets)",Coinbase,,,https://www.coinbase.com/careers/positions/7997836,,Coinbase,,25,None,Unknown,,,,0.0,Yes,No,,,,Not Applied,
"Senior Software Engineer, Backend (Consumer - Risk)",Coinbase,,,https://www.coinbase.com/careers/positions/7930686,,Coinbase,,25,None,Unknown,,,,0.0,Yes,No,,,,Not Applied,
"Senior Software Engineer, Data Engineering Platform",Coinbase,,,https://www.coinbase.com/careers/positions/8082199,,Coinbase,,25,None,Unknown,,,,0.0,Yes,No,,,,Not Applied,
"Senior Software Engineer, Data Layer",Coinbase,,,https://www.coinbase.com/careers/positions/8064873,,Coinbase,,25,None,Unknown,,,,0.0,Yes,No,,,,Not Applied,
"Senior Software Engineer, Stablecoins",Coinbase,,,https://www.coinbase.com/careers/positions/8104873,,Coinbase,,25,None,Unknown,,,,0.0,Yes,No,,,,Not Applied,
Senior Staff Software Engineer - Blockchain Platform,Coinbase,,,https://www.coinbase.com/careers/positions/7366208,,Coinbase,,25,None,Unknown,,,,0.0,Yes,No,,,,Not Applied,
"Senior Staff Software Engineer, Payments",Coinbase,,,https://www.coinbase.com/careers/positions/8056068,,Coinbase,,25,None,Unknown,,,,0.0,Yes,No,,,,Not Applied,
"Senior Staff Software Engineer, Payments",Coinbase,,,https://www.coinbase.com/careers/positions/8060842,,Coinbase,,25,None,Unknown,,,,0.0,Yes,No,,,,Not Applied,
"Software Engineer, CDP - Stablecoin",Coinbase,,,https://www.coinbase.com/careers/positions/8092485,,Coinbase,,25,None,Unknown,,,,0.0,Yes,No,,,,Not Applied,
"Software Engineer, Enterprise Apps",Coinbase,,,https://www.coinbase.com/careers/positions/8024814,,Coinbase,,25,None,Unknown,,,,0.0,Yes,No,,,,Not Applied,
Staff Software Engineer - AI Platform Team,Coinbase,,,https://www.coinbase.com/careers/positions/8025505,,Coinbase,,25,None,Unknown,,,,0.0,Yes,No,,,,Not Applied,
Staff Software Engineer (Platform - Access & Authorization),Coinbase,,,https://www.coinbase.com/careers/positions/8114877,,Coinbase,,25,None,Unknown,,,,0.0,Yes,No,,,,Not Applied,
Staff Software Engineer (Platform - Identity IDV),Coinbase,,,https://www.coinbase.com/careers/positions/7773776,,Coinbase,,25,None,Unknown,,,,0.0,Yes,No,,,,Not Applied,
"Staff Software Engineer, Backend - FinHub (Ledger)",Coinbase,,,https://www.coinbase.com/careers/positions/8064916,,Coinbase,,25,None,Unknown,,,,0.0,Yes,No,,,,Not Applied,
"Staff Software Engineer, Backend (Consumer - Prediction Markets)",Coinbase,,,https://www.coinbase.com/careers/positions/7997840,,Coinbase,,25,None,Unknown,,,,0.0,Yes,No,,,,Not Applied,
Senior Software Engineer - Frontend - Coinbase Card team,Coinbase,,,https://www.coinbase.com/careers/positions/8088201,,Coinbase,,25,None,Unknown,,,,0.0,Yes,No,,,,Not Applied,
"Senior Software Engineer, Frontend (Coinbase Advisor - Agentic Trading)",Coinbase,,,https://www.coinbase.com/careers/positions/8070574,,Coinbase,,25,None,Unknown,,,,0.0,Yes,No,,,,Not Applied,
"Senior Software Engineer, Frontend (Consumer - Payments)",Coinbase,,,https://www.coinbase.com/careers/positions/8029035,,Coinbase,,25,None,Unknown,,,,0.0,Yes,No,,,,Not Applied,
"Staff Software Engineer, Frontend (Consumer - Advanced Trading)",Coinbase,,,https://www.coinbase.com/careers/positions/7629141,,Coinbase,,25,None,Unknown,,,,0.0,Yes,No,,,,Not Applied,
"Senior Software Engineer, Compute Platform",Coinbase,,,https://www.coinbase.com/careers/positions/7701645,,Coinbase,,25,None,Unknown,,,,0.0,Yes,No,,,,Not Applied,
"Senior Software Engineer, Compute Platform",Coinbase,,,https://www.coinbase.com/careers/positions/7701651,,Coinbase,,25,None,Unknown,,,,0.0,Yes,No,,,,Not Applied,
"Senior Software Engineer, Core Reliability",Coinbase,,,https://www.coinbase.com/careers/positions/8097944,,Coinbase,,25,None,Unknown,,,,0.0,Yes,No,,,,Not Applied,
"Senior Software Engineer, Developer Infrastructure",Coinbase,,,https://www.coinbase.com/careers/positions/7964402,,Coinbase,,25,None,Unknown,,,,0.0,Yes,No,,,,Not Applied,
"Software Engineer, Developer Infrastructure",Coinbase,,,https://www.coinbase.com/careers/positions/8022068,,Coinbase,,25,None,Unknown,,,,0.0,Yes,No,,,,Not Applied,
"Staff Software Engineer, Developer Infrastructure",Coinbase,,,https://www.coinbase.com/careers/positions/7964410,,Coinbase,,25,None,Unknown,,,,0.0,Yes,No,,,,Not Applied,
Senior Software Engineer,Coinbase,,,https://www.coinbase.com/careers/positions/8021647,,Coinbase,,25,None,Unknown,,,,0.0,Yes,No,,,,Not Applied,
Staff Software Engineer,Coinbase,,,https://www.coinbase.com/careers/positions/8021650,,Coinbase,,25,None,Unknown,,,,0.0,Yes,No,,,,Not Applied,
Senior Machine Learning Engineer,Coinbase,,,https://www.coinbase.com/careers/positions/7739592,,Coinbase,,25,None,Unknown,,,,0.0,Yes,No,,,,Not Applied,
Senior Software Engineer,Coinbase,,,https://www.coinbase.com/careers/positions/7961318,,Coinbase,,25,None,Unknown,,,,0.0,Yes,No,,,,Not Applied,
Software Engineer,Coinbase,,,https://www.coinbase.com/careers/positions/8003605,,Coinbase,,25,None,Unknown,,,,0.0,Yes,No,,,,Not Applied,
"Software Engineer, EAA",Coinbase,,,https://www.coinbase.com/careers/positions/8100066,,Coinbase,,25,None,Unknown,,,,0.0,Yes,No,,,,Not Applied,
"Staff Software Engineer, Customer Administration",Coinbase,,,https://www.coinbase.com/careers/positions/8054153,,Coinbase,,25,None,Unknown,,,,0.0,Yes,No,,,,Not Applied,
"Staff Software Engineer, EAA CX",Coinbase,,,https://www.coinbase.com/careers/positions/6784618,,Coinbase,,25,None,Unknown,,,,0.0,Yes,No,,,,Not Applied,
"Senior Software Engineer, Core AI Infrastructure",Coinbase,,,https://www.coinbase.com/careers/positions/7847431,,Coinbase,,25,None,Unknown,,,,0.0,Yes,No,,,,Not Applied,
"Staff Software Engineer, Core AI Infrastructure",Coinbase,,,https://www.coinbase.com/careers/positions/7991691,,Coinbase,,25,None,Unknown,,,,0.0,Yes,No,,,,Not Applied,
Machine Learning Engineer,Coinbase,,,https://www.coinbase.com/careers/positions/7985187,,Coinbase,,25,None,Unknown,,,,0.0,Yes,No,,,,Not Applied,
"Machine Learning Engineer, CX Intelligence",Coinbase,,,https://www.coinbase.com/careers/positions/8031260,,Coinbase,,25,None,Unknown,,,,0.0,Yes,No,,,,Not Applied,
"Senior Machine Learning Engineer, CX Intelligence",Coinbase,,,https://www.coinbase.com/careers/positions/8008569,,Coinbase,,25,None,Unknown,,,,0.0,Yes,No,,,,Not Applied,
Staff Machine Learning Engineer(Platform - Identity),Coinbase,,,https://www.coinbase.com/careers/positions/7891045,,Coinbase,,25,None,Unknown,,,,0.0,Yes,No,,,,Not Applied,
Senior Financial Analyst - Multiple RolesRemote - Americas,Shopify,Remote - Americas,,https://www.shopify.com/careers/senior-financial-analyst-multiple-roles_40ef1cb0-5c56-4963-84fe-946708e5d74a,,Shopify,,25,None,Unknown,,,,0.0,Yes,No,,,,Not Applied,
"Treasury Manager, PaymentsRemote - Americas",Shopify,Remote - Americas,,https://www.shopify.com/careers/treasury-manager-payments_b83d465d-45d0-444c-99a6-419de5a8b944,,Shopify,,25,None,Unknown,,,,0.0,Yes,No,,,,Not Applied,
"Associate General Counsel, PartnershipsRemote - Americas",Shopify,Remote - Americas,,https://www.shopify.com/careers/associate-general-counsel-partnerships_5de9add2-829e-4307-8d9e-20ee3353d237,,Shopify,,25,None,Unknown,,,,0.0,Yes,No,,,,Not Applied,
"Senior Lead, Strategy & OperationsRemote - Americas",Shopify,Remote - Americas,,https://www.shopify.com/careers/senior-lead-strategy-operations_a4d308e0-b866-44d2-aefa-7001f3b974b7,,Shopify,,25,None,Unknown,,,,0.0,Yes,No,,,,Not Applied,
"Product Partner Manager, Shopify PaymentsRemote - Americas",Shopify,Remote - Americas,,https://www.shopify.com/careers/product-partner-manager-shopify-payments_d5eeed11-7711-42d2-a2fd-1abd8865d012,,Shopify,,25,None,Unknown,,,,0.0,Yes,No,,,,Not Applied,
Senior DevOps Engineer,Lemon.io,"Americas, Europe, Asia, Africa, Oceania",,https://remotive.com/remote-jobs/devops/senior-devops-engineer-2091067,2026-07-14T14:14:46,Remotive,"<p>Are you a talented Senior DevOps looking for a remote job that lets you show your skills and get decent compensation? Look no further than <span class=""notion-enable-hover"" style=""color: rgba(193, 76, 138, 1); fill: rgba(193, 76, 138, 1); isolation: auto;""><a href=""https://lemon.io/for-developers/?utm_source=remotive&amp;utm_medium=job_ad&amp;utm_campaign=supply_en_devops_jul_2026_job_ad"" rel=""nofollow"" target=""_self"">Lemon.io</a></span> — the marketplace that connects you with hand-picked st...",20,None,Unknown,$2-9,,,9.6,Yes,No,,,,Not Applied,
Full Stack Engineer - SAP Built-In Support,SAP,,,https://jobs.sap.com/job/Shanghai-Full-Stack-Engineer-SAP-Built-In-Support-201203/1415180233/,,SAP,,0,None,Unknown,,,,0.0,Yes,No,,,,Not Applied,
Staff Full Stack Software Engineer,ServiceNow,,,https://careers.servicenow.com/jobs/744000143174559/staff-full-stack-software-engineer/,,ServiceNow,,0,None,Unknown,,,,0.0,Yes,No,,,,Not Applied,
Senior Software Engineer - Data Platform - Kubernetes - Distributed Systems - Federal,ServiceNow,,,https://careers.servicenow.com/jobs/744000143155360/senior-software-engineer-data-platform-kubernetes-distributed-systems-federal/,,ServiceNow,,0,None,Unknown,,,,2.4,Yes,No,,,,Not Applied,
Senior Software Engineer - Data Platform - Kubernetes - Distributed Systems - Federal,ServiceNow,,,https://careers.servicenow.com/jobs/744000143155199/senior-software-engineer-data-platform-kubernetes-distributed-systems-federal/,,ServiceNow,,0,None,Unknown,,,,2.4,Yes,No,,,,Not Applied,
"Filter jobsSearchCorporate Development & StrategyCustomer Excellence Geo HQCustomer Excellence HQCustomer OutcomesCustomer Service and SupportDigital SalesDigital TechnologyEngineering, Infrastructure and OperationsFinance & AccountingHuman ResourcesLegalMarketing, Communications, and BrandProductProfessional ServicesSalesSupport and Product SuccessUser ExperienceUser Experience DesignDepartmentEarly CareerProfessionalJob Posting TypeAustraliaAustriaBelgiumBrazilCanadaDenmarkFinlandFranceGermanyHong Kong SarIndiaIrelandIsraelItalyJapanKoreaNetherlandsNorwayPolandSaudi ArabiaSingaporeSouth AfricaSpainSwedenSwitzerlandUnited Arab EmiratesUnited KingdomUnited StatesCountryAkershusArizonaArkansasBrasiliaCaliforniaCanadaColoradoConnecticutDistrict Of ColumbiaDublinFloridaGeorgiaGreater LondonHaryanaIllinoisKarnatakaMaharashtraMarylandMassachusettsMichiganMinnesotaNew HampshireNew South WalesNew YorkNorth CarolinaOhioOklahomaOntarioParisPennsylvaniaQuebecSão PauloSingaporeStockholm CountyTexasTokyoUtahVictoriaVirginiaWashingtonWashington DcWestern AustraliaStateAddisonAlbanyAlbertaAmsterdamAtlantaAustinBangaloreBentonvilleBostonBrasiliaBridgeportBrusselsCauseway BayCharlotteChicagoChiyoda CityColumbusDallasDeerfieldDenverDetroitDubaiDublinFort MeadeFrankfurtGurgaonHelsinkiHoustonHyderabadIssy Les MoulineauxJohannesburgKirklandLondonLos AngelesLysakerMadridManchesterMelbourneMilanMinneapolisMontrealMountain ViewMumbaiMunichNew YorkNew York CityNew York, New YorkOklahoma CityOrlandoOsakaOsloOttowaPerthPetah TikvaPhiladelphiaPhoenixRaleighRiyadhSacramentoSalt Lake CitySan DiegoSan FranciscoSandy SpringsSanta ClaraSão PauloSeoulSingaporeSoborgStainesStockholmSydneyTampa BayTokyoTorontoViennaWalthamWarsawWashington DcWashington, D.C.West Palm BeachWienZurichCityRemote workApply Filters",ServiceNow,,,https://careers.servicenow.com/careers/jobs,,ServiceNow,,0,None,Unknown,,,,0.0,Yes,No,,,,Not Applied,
Software Developer - SAP Concur Spend (Quality Engineer),SAP_Concur,,,https://jobs.sap.com/job/S%C3%A3o-Leopoldo-Software-Developer-SAP-Concur-Spend-%28Quality-Engineer%29-93022-718/1398393033/,,SAP_Concur,,0,None,Unknown,,,,0.0,Yes,No,,,,Not Applied,
Senior Android Developer - SAP Concur,SAP_Concur,,,https://jobs.sap.com/job/S%C3%A3o-Leopoldo-Senior-Android-Developer-SAP-Concur-93022-718/1421367933/,,SAP_Concur,,0,None,Unknown,,,,0.0,Yes,No,,,,Not Applied,
"Staff Software Engineer, Riot Client - Publishing PlatformSoftware Engineering GroupRiot Operations & SupportLos Angeles, USA",Riot_Games,,,https://www.riotgames.com/en/j/7844349,,Riot_Games,,0,None,Unknown,,,,0.0,Yes,No,,,,Not Applied,
"Manager, Software Engineering - Publishing Platform, Core Game LoopSoftware Engineering GroupRiot Game OperationsLos Angeles, USA",Riot_Games,,,https://www.riotgames.com/en/j/8076095,,Riot_Games,,0,None,Unknown,,,,0.0,Yes,No,,,,Not Applied,
"Manager, Software Engineering - VALORANT, ExpressionsSoftware Engineering GroupVALORANTLos Angeles, USA",Riot_Games,,,https://www.riotgames.com/en/j/7763644,,Riot_Games,,0,None,Unknown,,,,0.0,Yes,No,,,,Not Applied,
"Manager, Software Engineering –  Automation & Build Systems, Unpublished R&D ProductSoftware Engineering GroupMMOSydney, Australia",Riot_Games,,,https://www.riotgames.com/en/j/7702439,,Riot_Games,,0,None,Unknown,,,,0.0,Yes,No,,,,Not Applied,
"Manager, Software Engineering, Core Services - VALORANTSoftware Engineering GroupVALORANTLos Angeles, USA",Riot_Games,,,https://www.riotgames.com/en/j/8056379,,Riot_Games,,0,None,Unknown,,,,0.0,Yes,No,,,,Not Applied,
"Principal Data Engineer, Personalization - Central Product InsightsDataRiot Operations & SupportLos Angeles, USA",Riot_Games,,,https://www.riotgames.com/en/j/8049834,,Riot_Games,,0,None,Unknown,,,,0.0,Yes,No,,,,Not Applied,
"Principal Machine Learning Engineer (Personalization, Matchmaking, & Player Experience AI) - Publishing PlatformDataRiot Operations & SupportLos Angeles, USA",Riot_Games,,,https://www.riotgames.com/en/j/7412544,,Riot_Games,,0,None,Unknown,,,,0.0,Yes,No,,,,Not Applied,
Principal Software Engineer - DevOps / Site Reliability EngineerInfrastructureDevelopment StudiosSingapore,Riot_Games,,,https://www.riotgames.com/en/j/8108097,,Riot_Games,,0,None,Unknown,,,,0.0,Yes,No,,,,Not Applied,
"Principal Software Engineer - Developer Connections, Game ReleaseSoftware Engineering GroupRiot Operations & SupportLos Angeles, USA",Riot_Games,,,https://www.riotgames.com/en/j/8049807,,Riot_Games,,0,None,Unknown,,,,0.0,Yes,No,,,,Not Applied,
Principal Software Engineer - ML Platform EngineerSoftware Engineering GroupDevelopment StudiosSingapore,Riot_Games,,,https://www.riotgames.com/en/j/8017748,,Riot_Games,,0,None,Unknown,,,,0.0,Yes,No,,,,Not Applied,
"Principal Software Engineer, AI Enablement - Central ProductSoftware Engineering GroupRiot Operations & SupportLos Angeles, USA",Riot_Games,,,https://www.riotgames.com/en/j/7872902,,Riot_Games,,0,None,Unknown,,,,0.0,Yes,No,,,,Not Applied,
"Principal Software Engineer, Client - Wild RiftSoftware Engineering GroupLeague of Legends: Wild RiftShanghai, China",Riot_Games,,,https://www.riotgames.com/en/j/7015284,,Riot_Games,,0,None,Unknown,,,,0.0,Yes,No,,,,Not Applied,
"Principal Software Engineer, Gameplay - Teamfight TacticsSoftware Engineering GroupTeamfight TacticsLos Angeles, USA",Riot_Games,,,https://www.riotgames.com/en/j/8049865,,Riot_Games,,0,None,Unknown,,,,0.0,Yes,No,,,,Not Applied,
"Principal Software Engineer, Rendering - Unpublished R&D ProductSoftware Engineering GroupMMOLos Angeles, USA",Riot_Games,,,https://www.riotgames.com/en/j/8078139,,Riot_Games,,0,None,Unknown,,,,0.0,Yes,No,,,,Not Applied,
"Principal Software Engineer, Services/DevOps - Wild RiftSoftware Engineering GroupLeague of Legends: Wild RiftLos Angeles, USA",Riot_Games,,,https://www.riotgames.com/en/j/8104538,,Riot_Games,,0,None,Unknown,,,,0.0,Yes,No,,,,Not Applied,
"Senior Manager, Data Engineering - ValorantDataVALORANTLos Angeles, USA",Riot_Games,,,https://www.riotgames.com/en/j/7551204,,Riot_Games,,0,None,Unknown,,,,0.0,Yes,No,,,,Not Applied,
"Senior Software Engineer -  Tech FoundationsSoftware Engineering GroupLeague of LegendsShanghai, China",Riot_Games,,,https://www.riotgames.com/en/j/7892751,,Riot_Games,,0,None,Unknown,,,,0.0,Yes,No,,,,Not Applied,
"Senior Software Engineer - Publishing Platform, Riot MobileSoftware Engineering GroupRiot Operations & SupportLos Angeles, USA",Riot_Games,,,https://www.riotgames.com/en/j/7838550,,Riot_Games,,0,None,Unknown,,,,0.0,Yes,No,,,,Not Applied,
"Senior Software Engineer, Riot Client - Publishing PlatformSoftware Engineering GroupRiot Operations & SupportLos Angeles, USA",Riot_Games,,,https://www.riotgames.com/en/j/8001087,,Riot_Games,,0,None,Unknown,,,,0.0,Yes,No,,,,Not Applied,
"Senior Software Engineer, SDK Foundations - Publishing PlatformSoftware Engineering GroupRiot Operations & SupportLos Angeles, USA",Riot_Games,,,https://www.riotgames.com/en/j/7940406,,Riot_Games,,0,None,Unknown,,,,0.0,Yes,No,,,,Not Applied,
"Senior User Experience Designer, Accessibility - Central QA OpsDesignRiot Operations & SupportLos Angeles, USA",Riot_Games,,,https://www.riotgames.com/en/j/8078155,,Riot_Games,,0,None,Unknown,,,,0.0,Yes,No,,,,Not Applied,
"Software Engineer, Services - Unpublished R&D Product (Contract)QA GroupRiot DiscoveryShanghai, China",Riot_Games,,,https://www.riotgames.com/en/j/7786020,,Riot_Games,,0,None,Unknown,,,,0.0,Yes,No,,,,Not Applied,
"Sr. Manager, Software Engineering (Services Lead) - Unpublished R&D ProductSoftware Engineering GroupRiot DiscoveryLos Angeles, USA",Riot_Games,,,https://www.riotgames.com/en/j/7763650,,Riot_Games,,0,None,Unknown,,,,0.0,Yes,No,,,,Not Applied,
"Staff  Software Engineer - Data FoundationsSoftware Engineering GroupRiot Operations & SupportLos Angeles, USA",Riot_Games,,,https://www.riotgames.com/en/j/7744274,,Riot_Games,,0,None,Unknown,,,,0.0,Yes,No,,,,Not Applied,
"Staff Machine Learning Engineer - Game Tech Group, ML PlatformDataRiot Operations & SupportLos Angeles, USA",Riot_Games,,,https://www.riotgames.com/en/j/7977840,,Riot_Games,,0,None,Unknown,,,,0.0,Yes,No,,,,Not Applied,
"Staff Machine Learning Engineer - League of LegendsDataLeague of LegendsLos Angeles, USA",Riot_Games,,,https://www.riotgames.com/en/j/7981132,,Riot_Games,,0,None,Unknown,,,,0.0,Yes,No,,,,Not Applied,
"Staff Machine Learning Engineer, 3D - Singapore Efficiency TeamDataRiot Operations & SupportSingapore",Riot_Games,,,https://www.riotgames.com/en/j/8078076,,Riot_Games,,0,None,Unknown,,,,0.0,Yes,No,,,,Not Applied,
"Staff Machine Learning Engineer, Animation - Singapore Efficiency TeamDataRiot Operations & SupportSingapore",Riot_Games,,,https://www.riotgames.com/en/j/8078074,,Riot_Games,,0,None,Unknown,,,,0.0,Yes,No,,,,Not Applied,
"Staff Machine Learning Engineer, Audio - Singapore Efficiency TeamDataRiot Operations & SupportSingapore",Riot_Games,,,https://www.riotgames.com/en/j/8078078,,Riot_Games,,0,None,Unknown,,,,0.0,Yes,No,,,,Not Applied,
"Staff Software Engineer - Automation & Build Systems - Unpublished R&D Product (Sydney-Based; Relocation & Visa Sponsorship Provided)Software Engineering GroupMMOSydney, Australia",Riot_Games,,,https://www.riotgames.com/en/j/7959470,,Riot_Games,,0,None,Unknown,,,,0.0,Yes,No,,,,Not Applied,
"Staff Software Engineer - Esports PlatformsSoftware Engineering GroupRiot Operations & SupportLos Angeles, USA",Riot_Games,,,https://www.riotgames.com/en/j/8076086,,Riot_Games,,0,None,Unknown,,,,0.0,Yes,No,,,,Not Applied,
"Staff Software Engineer - Game Tech Group, Unreal EcosystemSoftware Engineering GroupRiot Operations & SupportLos Angeles, USA",Riot_Games,,,https://www.riotgames.com/en/j/7688578,,Riot_Games,,0,None,Unknown,,,,0.0,Yes,No,,,,Not Applied,
"Staff Software Engineer - InfrastructureSoftware Engineering GroupRiot Operations & SupportLos Angeles, USA",Riot_Games,,,https://www.riotgames.com/en/j/7964840,,Riot_Games,,0,None,Unknown,,,,0.0,Yes,No,,,,Not Applied,
"Staff Software Engineer, Build Platforms - VALORANTSoftware Engineering GroupVALORANTLos Angeles, USA",Riot_Games,,,https://www.riotgames.com/en/j/8011859,,Riot_Games,,0,None,Unknown,,,,0.0,Yes,No,,,,Not Applied,
"Staff Software Engineer, Developer Experience & Workflows - VALORANTSoftware Engineering GroupVALORANTMercer Island, USA",Riot_Games,,,https://www.riotgames.com/en/j/7906062,,Riot_Games,,0,None,Unknown,,,,0.0,Yes,No,,,,Not Applied,
"Staff Software Engineer, Engine & Tools - Unpublished R&D ProductSoftware Engineering GroupRiot DiscoverySydney, Australia",Riot_Games,,,https://www.riotgames.com/en/j/8080761,,Riot_Games,,0,None,Unknown,,,,0.0,Yes,No,,,,Not Applied,
"Staff Software Engineer, Gameplay - Unpublished R&D ProductSoftware Engineering GroupRiot Operations & SupportGuangzhou, China",Riot_Games,,,https://www.riotgames.com/en/j/7922898,,Riot_Games,,0,None,Unknown,,,,0.0,Yes,No,,,,Not Applied,
"Staff Software Engineer, Platform Services - Game Tech Group, Anti-CheatSoftware Engineering GroupRiot Operations & SupportLos Angeles, USA",Riot_Games,,,https://www.riotgames.com/en/j/8003927,,Riot_Games,,0,None,Unknown,,,,0.0,Yes,No,,,,Not Applied,
"Staff Software Engineer, Services - Unpublished R&D ProductSoftware Engineering GroupRiot Operations & SupportGuangzhou, China",Riot_Games,,,https://www.riotgames.com/en/j/7922945,,Riot_Games,,0,None,Unknown,,,,0.0,Yes,No,,,,Not Applied,
"Staff Software Engineer, Social & Store - Unpublished R&D ProductSoftware Engineering GroupRiot DiscoverySydney, Australia",Riot_Games,,,https://www.riotgames.com/en/j/8080763,,Riot_Games,,0,None,Unknown,,,,0.0,Yes,No,,,,Not Applied,
"Staff Software Engineer, Unreal Ecosystem (Australia-Based; Relocation Provided)Software Engineering GroupRiot Operations & SupportSydney, Australia",Riot_Games,,,https://www.riotgames.com/en/j/7981543,,Riot_Games,,0,None,Unknown,,,,0.0,Yes,No,,,,Not Applied,
"Software Development Engineer - IIILocation:Bengaluru, Karnataka, India21 hours ago",Rupeek,,,https://www.linkedin.com/jobs/view/software-development-engineer-iii-at-rupeek-4403927365,,Rupeek,,0,None,Unknown,,,,0.0,Yes,No,,,,Not Applied,
Full Stack Engineers,Uplers,,,https://www.uplers.com/hire-full-stack-developers/,,Uplers,,0,None,Unknown,,,,0.0,Yes,No,,,,Not Applied,
All locationsIndiaPoland (Remote)Puerto RicoUnited States (Relocate)United States (Remote)All locationsIndiaPoland (Remote)Puerto RicoUnited States (Relocate)United States (Remote)All departmentsBrand & Visual DesignBusiness DevelopmentBusiness IntelligenceBusiness OperationsContent & WritingCorporate CommunicationsCustomer SupportData Engineering & AnalyticsEngineering & DevelopmentFinance & LegalGeneral and Administrative (G&A)Information TechnologiesLocalizationMarketingPeople & CultureProductProduct DesignProduct TechnologyQuality AssuranceUniversityUser ResearchAll DepartmentsBrand & Visual DesignBusiness DevelopmentBusiness IntelligenceBusiness OperationsContent & WritingCorporate CommunicationsCustomer SupportData Engineering & AnalyticsEngineering & DevelopmentFinance & LegalGeneral and Administrative (G&A)Information TechnologiesLocalizationMarketingPeople & CultureProductProduct DesignProduct TechnologyQuality AssuranceUniversityUser ResearchSearch,Bold,Puerto Rico,,https://www.bold.com/bold-jobs/,,Bold,,0,None,Unknown,,,,0.0,Yes,No,,,,Not Applied,
Backend Software Engineer,DealHub.io,,,https://dealhub.io/careers/8D.46A/backend-software-engineer/,,DealHub.io,,0,None,Unknown,,,,0.0,Yes,No,,,,Not Applied,
Java Software Engineer,DealHub.io,,,https://dealhub.io/careers/D2.A48/java-software-engineer/,,DealHub.io,,0,None,Unknown,,,,1.2,Yes,No,,,,Not Applied,
"Backend Software EngineerR&DBangalure, India",DealHub.io,"Bangalure, India",,https://dealhub.io/careers/#,,DealHub.io,,0,None,Unknown,,,,0.0,Yes,No,,,,Not Applied,
Staff Software Engineer,Evolve,Remote,,https://remoteOK.com/remote-jobs/remote-staff-software-engineer-evolve-1136447,,RemoteOK,"At Evolve, weâre on a mission to make vacation rental easy for everyone. Our high-performing, customer-obsessed team runs on curiosity, communication, and accountabilityâworking together to create exceptional experiences for our owners and guests. Whether solving big challenges, delivering outstanding results, or celebrating wins, we approach every day with purpose and passion. If youâre ready to join a mission-driven company where every teammate has the opportunity to thrive, Evolve might...",0,None,Unknown,,,,2.4,Yes,No,,,,Not Applied,
